EANCode,source_image,saved_as
8903289952133,women-anarkali.jpg,8903289952133.jpg
8903289512221,women-chudidar.jpg,8903289512221.jpg
8903289930650,women-gowns.jpg,8903289930650.jpg
8903289937581,women-kurta.jpg,8903289937581.jpg
8903289951730,women-lehanga.jpeg,8903289951730.jpeg
8903289952638,women-palazzo.jpg,8903289952638.jpg
8903289011557,women-salwar.jpg,8903289011557.jpg
8903289011618,women-sarees.jpg,8903289011618.jpg
8903289951389,women1.jpeg,8903289951389.jpeg
8903289951082,women10.jpeg,8903289951082.jpeg
8903289953062,women11.jpeg,8903289953062.jpeg
8903289936881,women12.jpeg,8903289936881.jpeg
8903289143340,women13.jpeg,8903289143340.jpeg
8903289242647,women14.jpeg,8903289242647.jpeg
8903289512214,women15.jpeg,8903289512214.jpeg
8903289095861,women16.jpeg,8903289095861.jpeg
8903289095984,women17.jpeg,8903289095984.jpeg
8903289096592,women18.jpeg,8903289096592.jpeg
8903289096950,women19.jpeg,8903289096950.jpeg
8903289095878,women2.jpeg,8903289095878.jpeg
8903289200456,women20.jpeg,8903289200456.jpeg
8903289140226,women3.jpeg,8903289140226.jpeg
8903289096240,women4.jpeg,8903289096240.jpeg
8903289111486,women5.jpeg,8903289111486.jpeg
8903289199989,women6.jpeg,8903289199989.jpeg
8903289118355,women7.jpeg,8903289118355.jpeg
8903289118058,women8.jpeg,8903289118058.jpeg
8903289118157,women9.jpeg,8903289118157.jpeg
8903289095892,women-anarkali.jpg,8903289095892.jpg
8903289118065,women-chudidar.jpg,8903289118065.jpg
8903289308596,women-gowns.jpg,8903289308596.jpg
8903289946736,women-kurta.jpg,8903289946736.jpg
8903289947535,women-lehanga.jpeg,8903289947535.jpeg
8903289029132,women-palazzo.jpg,8903289029132.jpg
8903289311206,women-salwar.jpg,8903289311206.jpg
8903289311800,women-sarees.jpg,8903289311800.jpg
8903289029149,women1.jpeg,8903289029149.jpeg
8903289028852,women10.jpeg,8903289028852.jpeg
8903289117808,women11.jpeg,8903289117808.jpeg
8903289028869,women12.jpeg,8903289028869.jpeg
8903289028982,women13.jpeg,8903289028982.jpeg
8903289201545,women14.jpeg,8903289201545.jpeg
8903289201071,women15.jpeg,8903289201071.jpeg
8903289007086,women16.jpeg,8903289007086.jpeg
8903289120099,women17.jpeg,8903289120099.jpeg
8903289120402,women18.jpeg,8903289120402.jpeg
8903289120204,women19.jpeg,8903289120204.jpeg
8903289098008,women2.jpeg,8903289098008.jpeg
8903289098213,women20.jpeg,8903289098213.jpeg
8903289097612,women3.jpeg,8903289097612.jpeg
8903289097216,women4.jpeg,8903289097216.jpeg
8903289191532,women5.jpeg,8903289191532.jpeg
8903289191778,women6.jpeg,8903289191778.jpeg
8903289191662,women7.jpeg,8903289191662.jpeg
8903289201644,women8.jpeg,8903289201644.jpeg
8903289192263,women9.jpeg,8903289192263.jpeg
8903289191792,women-anarkali.jpg,8903289191792.jpg
8903289148826,women-chudidar.jpg,8903289148826.jpg
8903289236882,women-gowns.jpg,8903289236882.jpg
8903289205543,women-kurta.jpg,8903289205543.jpg
8903289153417,women-lehanga.jpeg,8903289153417.jpeg
8903289123540,women-palazzo.jpg,8903289123540.jpg
8903289123182,women-salwar.jpg,8903289123182.jpg
8903289123427,women-sarees.jpg,8903289123427.jpg
8903289123304,women1.jpeg,8903289123304.jpeg
8903289144026,women10.jpeg,8903289144026.jpeg
8903289347939,women11.jpeg,8903289347939.jpeg
8903289347823,women12.jpeg,8903289347823.jpeg
8903289347946,women13.jpeg,8903289347946.jpeg
8903289351608,women14.jpeg,8903289351608.jpeg
8903289145283,women15.jpeg,8903289145283.jpeg
8903289151864,women16.jpeg,8903289151864.jpeg
8903289156326,women17.jpeg,8903289156326.jpeg
8903289106611,women18.jpeg,8903289106611.jpeg
8903289106536,women19.jpeg,8903289106536.jpeg
8903289105737,women2.jpeg,8903289105737.jpeg
8903289106031,women20.jpeg,8903289106031.jpeg
8903289123991,women3.jpeg,8903289123991.jpeg
8903289243668,women4.jpeg,8903289243668.jpeg
8903289143562,women5.jpeg,8903289143562.jpeg
8903289116290,women6.jpeg,8903289116290.jpeg
8903289123052,women7.jpeg,8903289123052.jpeg
8903289119260,women8.jpeg,8903289119260.jpeg
8903289119420,women9.jpeg,8903289119420.jpeg
8903289220614,women-anarkali.jpg,8903289220614.jpg
8903289072497,women-chudidar.jpg,8903289072497.jpg
8903289088825,women-gowns.jpg,8903289088825.jpg
8903289089198,women-kurta.jpg,8903289089198.jpg
8903289072541,women-lehanga.jpeg,8903289072541.jpeg
8903289103733,women-palazzo.jpg,8903289103733.jpg
8903289072664,women-salwar.jpg,8903289072664.jpg
